{
  "experiment": "008_candidate_factor_thresholds",
  "rows_train_total": 24861,
  "rows_train_fit": 17402,
  "rows_validation": 7459,
  "rows_test": 6215,
  "candidate_rows_train_fit": 77956,
  "candidate_rows_validation": 33073,
  "candidate_positive_rate_train_fit": 0.014418,
  "target_positive_rate_total": 0.045775,
  "best_objective": 0.496199,
  "default_threshold": 0.53,
  "n_factor_thresholds": 56,
  "factor_thresholds": {
    "6.1": 0.475,
    "5.1": 0.65,
    "13": 0.925,
    "4.4": 0.95,
    "12": 0.875,
    "6.2": 0.425,
    "1.36": 0.9,
    "1.36.1": 0.95,
    "9": 0.275,
    "1.30.1": 0.95,
    "1.24": 0.95,
    "1.3": 0.95,
    "2.4.3": 0.425,
    "1.1": 0.9,
    "1.36.2": 0.725,
    "4.3.2": 0.95,
    "1.34.1": 0.95,
    "1.50": 0.675,
    "18.1": 0.525,
    "4.9": 0.95,
    "14": 0.55,
    "1.39": 0.95,
    "4.3.1": 0.95,
    "23": 0.95,
    "15": 0.325,
    "1.2": 0.95,
    "18.2": 0.425,
    "4.1": 0.275,
    "6": 0.6,
    "11.1": 0.95,
    "3.1.7": 0.925,
    "4.2.3": 0.3,
    "1.15": 0.95,
    "4.2.1": 0.25,
    "1.29.3": 0.95,
    "1.8.1.2": 0.95,
    "25": 0.95,
    "4.6": 0.95,
    "26": 0.95,
    "4.7": 0.95,
    "1.48": 0.95,
    "1.30": 0.95,
    "1.45.3": 0.95,
    "1.42": 0.95,
    "3.1.4": 0.95,
    "1.29.4": 0.95,
    "1.11": 0.95,
    "1.37.1": 0.9,
    "4.8": 0.95,
    "1.19.1": 0.95,
    "1.34": 0.95,
    "2.4.2": 0.775,
    "1.29.1": 0.95,
    "3.1.2": 0.95,
    "4.2.5": 0.95,
    "1.8.1.1": 0.3
  },
  "best_metrics": {
    "autonomous_score": 0.47647,
    "alpha": 0.5,
    "any_precision": 0.28323,
    "any_recall": 0.668622,
    "any_f1": 0.397906,
    "factor_jaccard_on_true_positive_rows": 0.555034,
    "positive_rate_true": 0.045717,
    "positive_rate_pred": 0.107923
  },
  "submission_positive_rows": 692,
  "submission_positive_rate": 0.111344
}